customer_code,customer_name,tax_code,address,province_id,customer_tier,is_active,source_email_file,source_message_id,source_so_number,created_at,updated_at
KH-00703,CÔNG TY CỔ PHẦN NAM TIẾN,111014028,"Phường Phú Diễn, TP Hà Nội",1,STANDARD,true,BH26_0938.eml,<177639809697.27.6670988768861278913@namtien.vn>,BH26.0938,2026-05-19T21:15:48,2026-05-19T21:15:48
KH-00704,CÔNG TY CỔ PHẦN THƯƠNG MẠI VIỆT ANH,150425614,"Xã Hồng Sơn, Huyện Mỹ Đức, Hà Nội Tel : 0992098027 Gồm 13 mặt hàng, 30 chiếc,",1,STANDARD,true,BH26_0944.eml,<177639809700.27.6553587738384543240@vietanh.vn>,BH26.0944,2026-05-19T21:15:50,2026-05-19T21:15:50
KH-00705,HỘ KINH DOANH ĐẠI DƯƠNG,221608347,"Đường Núi Vàng, Tổ 9, Phường Trung Sơn, Ninh Bình",41,STANDARD,true,BH26_0950.eml,<177639809694.27.14083980817542670947@daiduong.vn>,BH26.0950,2026-05-19T21:15:51,2026-05-19T21:15:51
KH-00706,CÔNG TY CỔ PHẦN THƯƠNG MẠI VẠN LỢI,158110427,"đường Điện Biên, tổ dân phố số 8 phường Minh Tân, thành phố Yên Bái, tỉnh Yên Bái, Việt Nam",19,STANDARD,true,BH26_0963.eml,<177639809709.27.12552662823614133900@vanloi.vn>,BH26.0963,2026-05-19T21:15:53,2026-05-19T21:15:53
KH-00707,CỬA HÀNG XE ĐẠP TÚ ANH,249644643,"Thôn Tiên Tảo, Xã Hà Nam, TP Hải Phòng Tel : 0986687000 Gồm 16 mặt hàng, 40 chiếc,",24,STANDARD,true,BH26_0970.eml,<177639809708.27.13941720072365397720@tuanh.vn>,BH26.0970,2026-05-19T21:15:54,2026-05-19T21:15:54
KH-00708,DOANH NGHIỆP TW KHẢI HOÀN,198061367,"Phường An Dương, TP Hải Phòng",27,STANDARD,true,BH26_1002.eml,<177639809725.27.388013639099795099@khaihoan.vn>,BH26.1002,2026-05-19T21:16:01,2026-05-19T21:16:01
KH-00709,HỘ KINH DOANH QUANG VINH,150403563,"phố 3, Xã Yên Khánh, Tỉnh Ninh Bình",41,STANDARD,true,BH26_1008.eml,<177639809719.27.13501312085701517929@quangvinh.vn>,BH26.1008,2026-05-19T21:16:02,2026-05-19T21:16:02
KH-00710,CÔNG TY TNHH THANH BÌNH,235384734,"An Dương Vương, Phường Phú Thượng, TP Hà Nội Tel : 0949124175 Gồm 1 mặt hàng, 1 chiếc,",1,STANDARD,true,BH26_1017.eml,<177639809733.27.3384756894773047137@thanhbinh.vn>,BH26.1017,2026-05-19T21:16:03,2026-05-19T21:16:03
KH-00711,CÔNG TY CỔ PHẦN TÂY BẮC,263969915,"Lý Tự Trọng, Xã Liên Hương, Lâm Đồng Tel : 0833874407 Gồm 1 mặt hàng, 3 chiếc,",35,STANDARD,true,BH26_1018.eml,<177639809734.27.16131418598117953727@taybac.vn>,BH26.1018,2026-05-19T21:16:03,2026-05-19T21:16:03
KH-00712,CÔNG TY TNHH THƯƠNG MẠI TRƯỜNG THỊNH,144386888,"Thôn Quán Rẽ, Xã An Khánh, Thành phố Hải Phòng",27,STANDARD,true,BH26_1024.eml,<177639809736.27.4360431947084996517@truongthinh.vn>,BH26.1024,2026-05-19T21:16:04,2026-05-19T21:16:04
KH-00713,CÔNG TY CỔ PHẦN THƯƠNG MẠI BÌNH MINH,100519428,"C17, Phường Mường Thanh, Tỉnh Điện Biên Tel : 0817022478 Gồm 7 mặt hàng, 10 chiếc,",19,STANDARD,true,BH26_1026.eml,<177639809732.27.2015657872592376414@binhminh.vn>,BH26.1026,2026-05-19T21:16:04,2026-05-19T21:16:04
KH-00714,CỬA HÀNG XE ĐẠP BÌNH MINH,200808043,"khu Minh Khai, Phường Tuần Châu, Tỉnh Quảng Ninh",48,STANDARD,true,BH26_1046.eml,<177639809750.27.18148890207482997228@binhminh.vn>,BH26.1046,2026-05-19T21:16:08,2026-05-19T21:16:08
KH-00715,HỘ KINH DOANH XÂY DỰNG,271132966,"Triệu Quốc Đạt, Phố Giắt, Xã Triệu Sơn, Thanh Hóa",55,STANDARD,true,BH26_1054.eml,<177639809743.27.10508656568968011417@xaydung.vn>,BH26.1054,2026-05-19T21:16:09,2026-05-19T21:16:09
KH-00716,HỘ KINH DOANH LÊ ANH,169723898,"đường Lê Hồng Phong, thôn số 1, Xã Bảo Thắng, Lào Cai",37,STANDARD,true,BH26_1066.eml,<177639809740.27.1049242918902924005@leanh.vn>,BH26.1066,2026-05-19T21:16:11,2026-05-19T21:16:11
KH-00717,CÔNG TY TNHH THƯƠNG MẠI QUANG VINH,136311693,"Xã Mậu A, Lào Cai",37,STANDARD,true,BH26_1068.eml,<177639809741.27.15704498096547442515@quangvinh.vn>,BH26.1068,2026-05-19T21:16:11,2026-05-19T21:16:11
KH-00718,CÔNG TY CỔ PHẦN QUANG VINH,160913374,"Điệp Sơn, Phường Duy Tiên, Ninh Bình",41,STANDARD,true,BH26_1080.eml,<177639809754.27.15733464432113445673@quangvinh.vn>,BH26.1080,2026-05-19T21:16:13,2026-05-19T21:16:13
KH-00719,CÔNG TY CỔ PHẦN THƯƠNG MẠI TRƯỜNG THỊNH,141176498,"Xã Ba Vì, TP Hà Nội",1,STANDARD,true,BH26_1083.eml,<177639809752.27.13695170605838939561@truongthinh.vn>,BH26.1083,2026-05-19T21:16:13,2026-05-19T21:16:13
KH-00720,HỘ KINH DOANH KHẢI HOÀN,106306281,"Hà Huy Tập - TT Cẩm Xuyên, Xã Cẩm Xuyên, Tỉnh Hà Tĩnh Tel : 0791885113 Gồm 11 mặt hàng, 26 chiếc,",25,STANDARD,true,BH26_1090.eml,<177639809773.27.18155946817251999957@khaihoan.vn>,BH26.1090,2026-05-19T21:16:14,2026-05-19T21:16:14
KH-00721,DOANH NGHIỆP TW MINH PHƯƠNG,100041761,"Đường số 2, Khu công nghiệp Nhựt Chánh, Xã Bình Đức, tỉnh Tây Ninh",52,STANDARD,true,BH26_1094.eml,<177639809770.27.11004797254769853692@minhphuong.vn>,BH26.1094,2026-05-19T21:16:15,2026-05-19T21:16:15
KH-00722,CÔNG TY TNHH PHÚ THỊNH,223301421,"chợ mễ, Xã Mễ Sở, Tỉnh Hưng Yên Tel : 0793743905 Gồm 15 mặt hàng, 50 chiếc,",31,STANDARD,true,BH26_1111.eml,<177639809759.27.6600415335292071104@phuthinh.vn>,BH26.1111,2026-05-19T21:16:18,2026-05-19T21:16:18
KH-00723,CÔNG TY CỔ PHẦN THANH BÌNH,136032045,"Khu dân cư Phú Cường, Phường Phong Châu, Phú Thọ",43,STANDARD,true,BH26_1116.eml,<177639809761.27.17077328287875780285@thanhbinh.vn>,BH26.1116,2026-05-19T21:16:19,2026-05-19T21:16:19
KH-00724,DOANH NGHIỆP TW VIỆT ANH,280690762,"Khu Đồng Hàng, Xã Cẩm Khê, Tỉnh Phú Thọ Tel : 0922887593 Gồm 2 mặt hàng, 10 chiếc,",43,STANDARD,true,BH26_1118.eml,<177639809763.27.3266039714004515930@vietanh.vn>,BH26.1118,2026-05-19T21:16:19,2026-05-19T21:16:19
KH-00725,CÔNG TY CỔ PHẦN TOÀN THẮNG,238384879,"Khu 2, thị trấn Thanh Ba, Xã Thanh Ba, Tỉnh Phú Thọ",43,STANDARD,true,BH26_1122.eml,<177639809764.27.4577877559773840490@toanthang.vn>,BH26.1122,2026-05-19T21:16:20,2026-05-19T21:16:20
KH-00726,CÔNG TY CỔ PHẦN THƯƠNG MẠI ĐÔNG NAM,112508571,"đường Phương Canh, tổ dân phố số 7, Phường Xuân Phương, TP Hà Nội",1,STANDARD,true,BH26_1124.eml,<177639809765.27.714342855657018000@dongnam.vn>,BH26.1124,2026-05-19T21:16:20,2026-05-19T21:16:20
KH-00727,HỘ KINH DOANH PHÚ THỊNH,157703000,"Phan Đình Phùng, Phường Cẩm Thành, Quảng Ngãi",47,STANDARD,true,BH26_1129.eml,<177639809790.27.8164038715270004049@phuthinh.vn>,BH26.1129,2026-05-19T21:16:21,2026-05-19T21:16:21
KH-00728,HỘ KINH DOANH SƠN HÀ,219583688,"Trần Đăng Ninh, Tổ 6, Phường Quyết Tâm, Thành phố Sơn La, Sơn La Tel : 0717753271 Gồm 10 mặt hàng, 21 chiếc,",51,STANDARD,true,BH26_1134.eml,<177639809793.27.8302321701040178056@sonha.vn>,BH26.1134,2026-05-19T21:16:22,2026-05-19T21:16:22
KH-00729,CÔNG TY CỔ PHẦN THƯƠNG MẠI HÙNG CƯỜNG,110307744,"Xã Thọ Xuân, Thanh Hóa",55,STANDARD,true,BH26_1135.eml,<177639809794.27.15492735718283483760@hungcuong.vn>,BH26.1135,2026-05-19T21:16:22,2026-05-19T21:16:22
KH-00730,CÔNG TY TNHH THƯƠNG MẠI PHÚC AN,178025905,"Khu Tân Hợp, Xã Tân Lạc, Phú Thọ",43,STANDARD,true,BH26_1148.eml,<177639809781.27.13576092494487635801@phucan.vn>,BH26.1148,2026-05-19T21:16:25,2026-05-19T21:16:25
KH-00731,CÔNG TY TNHH THƯƠNG MẠI ĐÔNG NAM,181396459,"La Văn Cầu, Xã Nam Sách, Thành phố Hải Phòng",27,STANDARD,true,BH26_1152.eml,<177639809787.27.14359322074790055445@dongnam.vn>,BH26.1152,2026-05-19T21:16:26,2026-05-19T21:16:26
KH-00732,CÔNG TY TNHH THƯƠNG MẠI TÂN TIẾN,134338999,"phố Lý Viên, Xã Xuân Cẩm, Tỉnh Bắc Ninh Tel : 0386243665 Gồm 7 mặt hàng, 28 chiếc,",7,STANDARD,true,BH26_1154.eml,<177639809778.27.3210237798483116966@tantien.vn>,BH26.1154,2026-05-19T21:16:26,2026-05-19T21:16:26
KH-00733,DOANH NGHIỆP TW NAM TIẾN,107801583,"đường ĐH-HH40, phố Trung Sơn, Xã Hoằng Hóa, Thanh Hóa Tel : 0766929072 Gồm 12 mặt hàng, 30 chiếc,",55,STANDARD,true,BH26_1171.eml,<177639809785.27.18150415950089682994@namtien.vn>,BH26.1171,2026-05-19T21:16:30,2026-05-19T21:16:30
KH-00734,CỬA HÀNG XE ĐẠP AN PHÁT,205442570,"Thu Thuỷ, Xã Đa Phúc, Thành phố Hà Nội",1,STANDARD,true,BH26_1182.eml,<177639809810.27.17483031312731230050@anphat.vn>,BH26.1182,2026-05-19T21:16:31,2026-05-19T21:16:31
KH-00735,CỬA HÀNG XE ĐẠP PHÚC AN,271803000,"Phường Nghĩa Đô, TP Hà Nội Tel : 0371381468 Gồm 2 mặt hàng, 2 chiếc,",1,STANDARD,true,BH26_1199.eml,<177639809803.27.16962548969020776828@phucan.vn>,BH26.1199,2026-05-19T21:16:34,2026-05-19T21:16:34
KH-00736,CÔNG TY CỔ PHẦN KHẢI HOÀN,181472026,"30, Khu Phố 1, Phường Quế Võ, Bắc Ninh Tel : 0717552316 Gồm 8 mặt hàng, 15 chiếc,",7,STANDARD,true,BH26_1202.eml,<177639809823.27.8315829151595664606@khaihoan.vn>,BH26.1202,2026-05-19T21:16:34,2026-05-19T21:16:34
KH-00737,CÔNG TY CỔ PHẦN THƯƠNG MẠI VẠN LỢI,154644399,"phố 10, Xã Thượng Bằng La, Lào Cai Tel : 0979864963 Gồm 15 mặt hàng, 16 chiếc,",37,STANDARD,true,BH26_1213.eml,<177639809824.27.6545365259040685191@vanloi.vn>,BH26.1213,2026-05-19T21:16:37,2026-05-19T21:16:37
KH-00738,CỬA HÀNG XE ĐẠP VĨNH PHÁT,285695531,"đường Phùng Hưng, phố Bình Minh, Phường Hạc Thành, Thanh Hóa",55,STANDARD,true,BH26_1236.eml,<177639809834.27.5575852975390187923@vinhphat.vn>,BH26.1236,2026-05-19T21:16:41,2026-05-19T21:16:41
KH-00739,HỘ KINH DOANH KHẢI HOÀN,181517969,"Kim Đồng, Tổ dân phố 12, Phường Thục Phán, Tỉnh Cao Bằng Tel : 0384874654 Gồm 7 mặt hàng, 10 chiếc,",14,STANDARD,true,BH26_1241.eml,<177639809836.27.13886564552366323978@khaihoan.vn>,BH26.1241,2026-05-19T21:16:41,2026-05-19T21:16:41
KH-00740,CỬA HÀNG XE ĐẠP TOÀN THẮNG,249083602,"Thửa đất số 203-2, Khu đất dịch vụ Khu Đồng Mới, đường An Khánh, thôn An Thọ, Xã An Khánh, TP Hà Nội",1,STANDARD,true,BH26_1269.eml,<177639809848.27.2748369229262316450@toanthang.vn>,BH26.1269,2026-05-19T21:16:45,2026-05-19T21:16:45
KH-00741,HỘ KINH DOANH TÂY BẮC,266240517,"Phường Hạc Thành, Thanh Hóa Tel : 0951026733 Gồm 1 mặt hàng, 1 chiếc,",55,STANDARD,true,BH26_1291.eml,<177639809844.27.11538715695008290445@taybac.vn>,BH26.1291,2026-05-19T21:16:49,2026-05-19T21:16:49
KH-00742,CỬA HÀNG XE ĐẠP ĐÔNG NAM,219536572,"Xã An Khánh, TP Hà Nội",1,STANDARD,true,BH26_1304.eml,<177639809865.27.17470187216887182061@dongnam.vn>,BH26.1304,2026-05-19T21:16:50,2026-05-19T21:16:50
KH-00743,CỬA HÀNG XE ĐẠP AN PHÁT,201652734,"Xã Bắc Đông Hưng, Tỉnh Hưng Yên Tel : 0788181640 Gồm 24 mặt hàng, 64 chiếc,",31,STANDARD,true,BH26_1310.eml,<177639809868.27.11056565100377771285@anphat.vn>,BH26.1310,2026-05-19T21:16:51,2026-05-19T21:16:51
KH-00744,CÔNG TY CỔ PHẦN PHÚ THỊNH,106140765,"ngách 16/38 Đỗ Xuân Hợp, Phường Từ Liêm, TP Hà Nội Tel : 0312563267 Gồm 1 mặt hàng, 1 chiếc,",1,STANDARD,true,BH26_1332.eml,<177639809859.27.2138376059568132641@phuthinh.vn>,BH26.1332,2026-05-19T21:16:55,2026-05-19T21:16:55
KH-00745,CÔNG TY TNHH THƯƠNG MẠI HÙNG CƯỜNG,112681000,"tòa nhà Huệ Lộc, số 146 Nguyễn Sỹ Sách, Phường Trường Vinh, Nghệ An",40,STANDARD,true,BH26_1344.eml,<177639809886.27.12576996934815885659@hungcuong.vn>,BH26.1344,2026-05-19T21:16:57,2026-05-19T21:16:57
KH-00746,CÔNG TY TNHH THƯƠNG MẠI SÁN LẠP,138226428,"NV5.9, Liền Kề Hải Âu, khu đô thị mới Cầu Bươu, Phường Thanh Liệt, TP Hà Nội",1,STANDARD,true,BH26_1352.eml,<177639809887.27.9180340365413516663@sanlap.vn>,BH26.1352,2026-05-19T21:16:58,2026-05-19T21:16:58
KH-00747,DOANH NGHIỆP TW TÂY BẮC,291395090,"Phú Hậu, Xã Khánh Thiện, Ninh Bình",41,STANDARD,true,BH26_1363.eml,<177639809873.27.18092098536010909072@taybac.vn>,BH26.1363,2026-05-19T21:16:59,2026-05-19T21:16:59
KH-00748,DOANH NGHIỆP TW TÂN TIẾN,117578370,"Dược Thượng, Xã Sóc Sơn, Thành phố Hà Nội Tel : 0903168350 Gồm 6 mặt hàng, 20 chiếc,",1,STANDARD,true,BH26_1367.eml,<177639809875.27.7032473436982640239@tantien.vn>,BH26.1367,2026-05-19T21:17:00,2026-05-19T21:17:00
KH-00749,CÔNG TY CỔ PHẦN KHẢI HOÀN,148011336,"ngõ 10 đường Nguyễn Văn Huyên, Phường Cầu Giấy, TP Hà Nội",1,STANDARD,true,BH26_1377.eml,<177639809874.27.8724871781760171825@khaihoan.vn>,BH26.1377,2026-05-19T21:17:02,2026-05-19T21:17:02
KH-00750,CÔNG TY CỔ PHẦN ĐÔNG NAM,128269692,"Khu phố 3B, Phường Tam Hiệp, Đồng Nai",20,STANDARD,true,BH26_1397.eml,<177639809907.27.12448537196921393655@dongnam.vn>,BH26.1397,2026-05-19T21:17:04,2026-05-19T21:17:04
KH-00751,CÔNG TY CỔ PHẦN SÁN LẠP,105515579,"Lê Thánh Tông, khối phố An Mỹ, Phường Hội An Đông, TP Đà Nẵng",16,STANDARD,true,BH26_1398.eml,<177639809908.27.8564224302829285176@sanlap.vn>,BH26.1398,2026-05-19T21:17:05,2026-05-19T21:17:05
KH-00752,CÔNG TY CỔ PHẦN THƯƠNG MẠI AN PHÁT,190430012,"Xã Đông Trạch, Quảng Trị Tel : 0777503050 Gồm 27 mặt hàng, 29 chiếc,",49,STANDARD,true,BH26_1414.eml,<177639809896.27.13937941478623017149@anphat.vn>,BH26.1414,2026-05-19T21:17:07,2026-05-19T21:17:07
KH-00753,CÔNG TY CỔ PHẦN XÂY DỰNG,165426283,"Xã Lương Sơn, Phú Thọ",43,STANDARD,true,BH26_1430.eml,<177639809921.27.15983142477556814541@xaydung.vn>,BH26.1430,2026-05-19T21:17:09,2026-05-19T21:17:09
KH-00754,CÔNG TY CỔ PHẦN THƯƠNG MẠI NAM TIẾN,129275207,"Xã Nghĩa Hiệp, Huyện Yên Mỹ, Tỉnh Hưng Yên, Việt Nam",31,STANDARD,true,BH26_1431.eml,<177639809924.27.8338028348171810476@namtien.vn>,BH26.1431,2026-05-19T21:17:09,2026-05-19T21:17:09
KH-00755,CỬA HÀNG XE ĐẠP SƠN HÀ,276926754,"D12b, D12c, Khu 4-Khu du lịch Bắc bán đảo Cam Ranh, Xã Cam Hải Đông, Huyện Cam Lâm, Tỉnh Khánh Hòa, Việt Nam",32,STANDARD,true,BH26_1432.eml,<177639809921.27.10862419153888286183@sonha.vn>,BH26.1432,2026-05-19T21:17:09,2026-05-19T21:17:09
KH-00756,CÔNG TY CỔ PHẦN THƯƠNG MẠI TRÍ ĐỨC,186685502,"Thôn 3, Xã Phúc Thọ, TP Hà Nội",1,STANDARD,true,BH26_1439.eml,<177639809925.27.11346718513877664361@triduc.vn>,BH26.1439,2026-05-19T21:17:10,2026-05-19T21:17:10
KH-00757,HỘ KINH DOANH THUỶ TIÊN,284170064,"Nguyễn Đức Cảnh, Phường Tương Mai, Thành phố Hà Nội",1,STANDARD,true,BH26_1454.eml,<177639809914.27.4007918269374336316@thuytien.vn>,BH26.1454,2026-05-19T21:17:12,2026-05-19T21:17:12
KH-00758,HỘ KINH DOANH THANH BÌNH,108318409,"xã Minh Đức, Phường Việt Yên, Bắc Ninh",7,STANDARD,true,BH26_1460.eml,<177639809916.27.3912661719979865674@thanhbinh.vn>,BH26.1460,2026-05-19T21:17:13,2026-05-19T21:17:13
KH-00759,CÔNG TY CỔ PHẦN THƯƠNG MẠI VIỆT ANH,152649557,"153, Tổ dân phố Tân Phú, thị trấn Tân Yên, huyện Hàm Yên, Tuyên Quang",59,STANDARD,true,BH26_1502.eml,<177639809953.27.4244793448120700126@vietanh.vn>,BH26.1502,2026-05-19T21:17:20,2026-05-19T21:17:20
KH-00760,CÔNG TY CỔ PHẦN TÚ ANH,217284989,"đường Lê Duẩn, Xã Vĩnh Linh, Quảng Trị",49,STANDARD,true,BH26_1504.eml,<177639809958.27.1952830201854435457@tuanh.vn>,BH26.1504,2026-05-19T21:17:21,2026-05-19T21:17:21
KH-00761,CÔNG TY CỔ PHẦN ĐẠI DƯƠNG,258317170,"Liền kề 373, NO11, khu Cổng Đồng, đường Tố Hữu, TDP4, Phường Dương Nội, TP Hà Nội",1,STANDARD,true,BH26_1509.eml,<177639809956.27.7471527320524423320@daiduong.vn>,BH26.1509,2026-05-19T21:17:21,2026-05-19T21:17:21
KH-00762,CỬA HÀNG XE ĐẠP TRÍ ĐỨC,298355399,"đường Trường Chinh, Đồng Xuân, Phường Xuân Hòa, Tỉnh Phú Thọ",43,STANDARD,true,BH26_1532.eml,<177639809944.27.1283624516560997785@triduc.vn>,BH26.1532,2026-05-19T21:17:24,2026-05-19T21:17:24
KH-00763,CÔNG TY CỔ PHẦN THƯƠNG MẠI XUÂN MAI,156665092,"Đường Bà Triệu- Hàm Rồng, Phường Hàm Rồng, Thanh Hóa",55,STANDARD,true,BH26_1541.eml,<177639809970.27.14959697200689387867@xuanmai.vn>,BH26.1541,2026-05-19T21:17:25,2026-05-19T21:17:25
KH-00764,CÔNG TY CỔ PHẦN PHÚ THỊNH,170728269,"Phố Lý Bôn, Tổ 2 (ĐT), Phường Trần Hưng Đạo, Hưng Yên",31,STANDARD,true,BH26_1544.eml,<177639809971.27.11918941093639102363@phuthinh.vn>,BH26.1544,2026-05-19T21:17:26,2026-05-19T21:17:26
KH-00765,CỬA HÀNG XE ĐẠP XUÂN MAI,295320846,"Cụm công nghiệp vừa và nhỏ Từ Liêm, Bắc Từ Liêm, Hà Nội",1,STANDARD,true,BH26_1546.eml,<177639809973.27.9667358532004868689@xuanmai.vn>,BH26.1546,2026-05-19T21:17:26,2026-05-19T21:17:26
KH-00766,CÔNG TY CỔ PHẦN THƯƠNG MẠI BÌNH MINH,100185262,"đường Hoàng Liên Sơn, tổ 12, Phường Trung Tâm, Tỉnh Lào Cai",37,STANDARD,true,BH26_1586.eml,<177639809993.27.2957240683433009130@binhminh.vn>,BH26.1586,2026-05-19T21:17:30,2026-05-19T21:17:30
KH-00767,CÔNG TY CỔ PHẦN THƯƠNG MẠI PHÚ THỊNH,129752802,"Đường Lê Lợi, Phường Vĩnh Yên, Phú Thọ",43,STANDARD,true,BH26_1594.eml,<177639809996.27.4142009085404530415@phuthinh.vn>,BH26.1594,2026-05-19T21:17:31,2026-05-19T21:17:31
KH-00768,CÔNG TY CỔ PHẦN THƯƠNG MẠI NAM TIẾN,199270841,"Phan Chu Trinh, Phường Hương Trà, TP Đà Nẵng",16,STANDARD,true,BH26_1643.eml,<177639810047.27.3888728246601151576@namtien.vn>,BH26.1643,2026-05-19T21:17:36,2026-05-19T21:17:36
KH-00769,CÔNG TY TNHH THƯƠNG MẠI CHI THÀNH,105486524,"Xã Hải Ninh, Tỉnh Quảng Ninh",48,STANDARD,true,BH26_1668.eml,<177639810040.27.15336453505509460312@chithanh.vn>,BH26.1668,2026-05-19T21:17:39,2026-05-19T21:17:39
KH-00770,CÔNG TY CỔ PHẦN MẶT TRỜI,254657777,"đường 32, Xã Hát Môn, TP Hà Nội",1,STANDARD,true,BH26_1693.eml,<177639810070.27.9036075859756674134@mattroi.vn>,BH26.1693,2026-05-19T21:17:42,2026-05-19T21:17:42
KH-00771,CÔNG TY TNHH THƯƠNG MẠI ĐẠI LỢI,103570249,"Đường Hoàng Văn Thụ, Tổ 1, Phường Phan Đình Phùng, Thái Nguyên",54,STANDARD,true,BH26_1698.eml,<177639810063.27.5323761718392784021@dailoi.vn>,BH26.1698,2026-05-19T21:17:43,2026-05-19T21:17:43
KH-00772,CÔNG TY TNHH SƠN HÀ,273126905,"Xã Văn Chấn, Lào Cai",37,STANDARD,true,BH26_1715.eml,<177639810036.27.7577832435788021149@sonha.vn>,BH26.1715,2026-05-19T21:17:45,2026-05-19T21:17:45
KH-00773,CÔNG TY CỔ PHẦN THƯƠNG MẠI HOÀ BÌNH,168309745,"đường Trần Phú, tiểu khu 12, Xã Lương Sơn, Phú Thọ",43,STANDARD,true,BH26_1723.eml,<177639810014.27.11933208052646784115@hoabinh.vn>,BH26.1723,2026-05-19T21:17:46,2026-05-19T21:17:46
KH-00774,HỘ KINH DOANH HÙNG CƯỜNG,159481357,"Đường Nguyễn Trãi,Tổ dân phố 4, Xã Hương Sơn, Hà Tĩnh",25,STANDARD,true,BH26_1728.eml,<177639810016.27.17643918100410070640@hungcuong.vn>,BH26.1728,2026-05-19T21:17:47,2026-05-19T21:17:47
KH-00775,CÔNG TY TNHH TÂN TIẾN,230489371,"phố 5, Xã Hương Sơn, Hà Tĩnh",25,STANDARD,true,BH26_1730.eml,<177639810016.27.6776354670234153315@tantien.vn>,BH26.1730,2026-05-19T21:17:47,2026-05-19T21:17:47
KH-00776,DOANH NGHIỆP TW ĐẠI LỢI,112503853,"Phường Nam Định, Tỉnh Ninh Bình, Việt Nam Tel : 0360177881 Gồm 4 mặt hàng, 14 chiếc,",39,STANDARD,true,BH26_1734.eml,<177639810018.27.5419034027244139980@dailoi.vn>,BH26.1734,2026-05-19T21:17:48,2026-05-19T21:17:48
KH-00777,CÔNG TY TNHH THƯƠNG MẠI ĐẠI DƯƠNG,165727201,"Khu 2, Phường Nhị Chiểu, TP Hải Phòng",27,STANDARD,true,BH26_1753.eml,<177639810008.27.6245094630703468161@daiduong.vn>,BH26.1753,2026-05-19T21:17:50,2026-05-19T21:17:50
KH-00778,CỬA HÀNG XE ĐẠP CHI THÀNH,209820110,"khu Trới 10, Phường Hoành Bồ, Quảng Ninh, Việt Nam",48,STANDARD,true,BH26_1754.eml,<177639810014.27.15903648803469830367@chithanh.vn>,BH26.1754,2026-05-19T21:17:50,2026-05-19T21:17:50
KH-00779,CÔNG TY CỔ PHẦN THƯƠNG MẠI QUANG VINH,135946534,"đường Hoàng Hoa Thám, Phường Đa Mai, Tỉnh Bắc Ninh",7,STANDARD,true,BH26_1756.eml,<177639810031.27.13088711762863250723@quangvinh.vn>,BH26.1756,2026-05-19T21:17:50,2026-05-19T21:17:50
KH-00780,CÔNG TY TNHH MINH PHƯƠNG,221310730,"đường Nguyễn Hữu Cảnh, Phường Quảng Phú, Thanh Hóa",55,STANDARD,true,BH26_1812.eml,<177639810109.27.8585022253727742930@minhphuong.vn>,BH26.1812,2026-05-19T21:17:58,2026-05-19T21:17:58
KH-00781,CÔNG TY TNHH LÊ ANH,219035027,"Xã Xuân Cẩm, Bắc Ninh Tel : 0980794404 Gồm 8 mặt hàng, 31 chiếc,",7,STANDARD,true,BH26_1813.eml,<177639810108.27.4359013198458341447@leanh.vn>,BH26.1813,2026-05-19T21:17:58,2026-05-19T21:17:58
KH-00782,DOANH NGHIỆP TW PHÚ THỊNH,151934754,"Khu B-Thị Trấn, Xã Sóc Sơn, Thành phố Hà Nội",1,STANDARD,true,BH26_1846.eml,<177639810119.27.4019569675446586105@phuthinh.vn>,BH26.1846,2026-05-19T21:18:11,2026-05-19T21:18:11
KH-00783,CÔNG TY TNHH LÊ ANH,211794626,"Xã Đồng Yên, Tỉnh Tuyên Quang",59,STANDARD,true,BH26_1864.eml,<177639810087.27.5308776971432448040@leanh.vn>,BH26.1864,2026-05-19T21:18:21,2026-05-19T21:18:21
KH-00784,CÔNG TY CỔ PHẦN ĐẠI LỢI,190956305,"Thị trấn Tứ Kỳ, xã Tứ Kỳ, TP Hải Phòng Tel : 0708748500 Gồm 16 mặt hàng, 40 chiếc,",27,STANDARD,true,BH26_1925.eml,<177639810128.27.14120796932609354586@dailoi.vn>,BH26.1925,2026-05-19T21:18:35,2026-05-19T21:18:35
KH-00785,CÔNG TY CỔ PHẦN CHI THÀNH,105000301,"Thửa đất số 153, tờ bản đồ số 14, Thôn Cao Dương, Xã Gia Lộc, TP Hải Phòng",27,STANDARD,true,BH26_1926.eml,<177639810126.27.13264942497280982149@chithanh.vn>,BH26.1926,2026-05-19T21:18:35,2026-05-19T21:18:35
KH-00786,CỬA HÀNG XE ĐẠP THIÊN AN,294263484,"Xã Trường Tân, TP Hải Phòng",27,STANDARD,true,BH26_1928.eml,<177639810125.27.15399740639608453593@thienan.vn>,BH26.1928,2026-05-19T21:18:35,2026-05-19T21:18:35
KH-00787,CÔNG TY CỔ PHẦN THƯƠNG MẠI ĐÔNG NAM,115095622,"LK 02-03, Nguyễn Khán, Tổ dân phố 7, Xã Nghi Xuân, Hà Tĩnh",25,STANDARD,true,BH26_1939.eml,<177639810134.27.7628839285698216413@dongnam.vn>,BH26.1939,2026-05-19T21:18:38,2026-05-19T21:18:38
KH-00788,CÔNG TY CỔ PHẦN THƯƠNG MẠI PHÚC AN,178901920,"., Phường Phúc Yên, Phú Thọ",43,STANDARD,true,BH26_1982.eml,<177639810145.27.13914946117728203622@phucan.vn>,BH26.1982,2026-05-19T21:18:53,2026-05-19T21:18:53
KH-00789,CỬA HÀNG XE ĐẠP THANH BÌNH,231400708,"tổ 11, đường Hoàng Công Chất, Phường Phú Diễn, TP Hà Nội",1,STANDARD,true,BH26_1987.eml,<177639810176.27.4208410495773323311@thanhbinh.vn>,BH26.1987,2026-05-19T21:18:54,2026-05-19T21:18:54
KH-00790,CÔNG TY CỔ PHẦN TRƯỜNG THỊNH,287730223,"Nguyễn Tri Phương, Phường Hòa Cường, TP Đà Nẵng",16,STANDARD,true,BH26_1992.eml,<177639810174.27.4282300979759875083@truongthinh.vn>,BH26.1992,2026-05-19T21:18:54,2026-05-19T21:18:54
KH-00791,CÔNG TY TNHH THƯƠNG MẠI PHÚC AN,173437044,"Khối Tân Tiến, Phường Thái Hòa, Tỉnh Nghệ An Tel : 0856576717 Gồm 4 mặt hàng, 6 chiếc,",40,STANDARD,true,BH26_2007.eml,<177639810186.27.5529453066044923111@phucan.vn>,BH26.2007,2026-05-19T21:18:57,2026-05-19T21:18:57
KH-00792,CÔNG TY CỔ PHẦN TRƯỜNG THỊNH,295499895,"phố 2, Xã Anh Sơn, Nghệ An",40,STANDARD,true,BH26_2015.eml,<177639810183.27.15932788146388721062@truongthinh.vn>,BH26.2015,2026-05-19T21:19:00,2026-05-19T21:19:00
KH-00793,HỘ KINH DOANH HÙNG CƯỜNG,171921682,"TDP Dự Quần 1, Phường Đào Duy Từ, Thanh Hóa",55,STANDARD,true,BH26_2035.eml,<177639810157.27.1253787189049767936@hungcuong.vn>,BH26.2035,2026-05-19T21:19:05,2026-05-19T21:19:05
KH-00794,CÔNG TY TNHH PHÚC AN,277653618,"Tổ dân phố 8, Xã Tân Ninh, Thanh Hóa Tel : 0386265699 Gồm 4 mặt hàng, 20 chiếc,",55,STANDARD,true,BH26_2043.eml,<177639810160.27.9264250509154546958@phucan.vn>,BH26.2043,2026-05-19T21:19:08,2026-05-19T21:19:08
KH-00795,CỬA HÀNG XE ĐẠP MINH PHƯƠNG,221117005,"Khu phố Hàng Trạm, Xã Yên Thủy, Phú Thọ",43,STANDARD,true,BH26_2049.eml,<177639810169.27.12625481792011925876@minhphuong.vn>,BH26.2049,2026-05-19T21:19:11,2026-05-19T21:19:11
